{
    "__DARKJSON__": true,
    "TEXTNAME": "textmaker",
    "TEXTCODE": "Darks",
    "AUTHOR": "IsuruLakshan",
    "STRINGS": {
        "slink": {
            
            "DARK1LINK": "https://textpro.me/yellow-glass-text-effect-913.html",
            "DARK2LINK": "https://textpro.me/purple-glass-text-effect-912.html",
            "DARK3LINK": "https://textpro.me/orange-glass-text-effect-911.html",
            "DARK4LINK": "https://textpro.me/green-glass-text-effect-910.html",
            "DARK5LINK": "https://textpro.me/cyan-glass-text-effect-909.html",
            "DARK6LINK": "https://textpro.me/purple-shiny-glass-text-effect-906.html",
            "DARK7LINK": "https://textpro.me/captain-america-text-effect-905.html",
            "DARK8LINK": "https://textpro.me/robot-r2-d2-text-effect-903.html",
            "DARK9LINK": "https://textpro.me/rainbow-equalizer-text-effect-902.html",
            "DARK10LINK": "https://textpro.me/toxic-text-effect-online-901.html",
            "DARK11LINK": "https://textpro.me/purple-glass-text-effect-online-892.html",
            "DARK12LINK": "https://textpro.me/decorative-glass-text-effect-891.html",
            "DARK13LINK": "https://textpro.me/chocolate-cake-text-effect-890.html",
            "DARK14LINK": "https://textpro.me/strawberry-text-effect-online-889.html",
            "DARK15LINK": "https://textpro.me/koi-fish-text-effect-online-888.html",
            "DARK16LINK": "https://textpro.me/bread-text-effect-online-887.html",
            "DARK17LINK": "https://textpro.me/matrix-style-text-effect-online-884.html",
            "DARK18LINK": "https://textpro.me/horror-blood-text-effect-online-883.html",
            "DARK19LINK": "https://textpro.me/neon-light-text-effect-online-882.html",
            "DARK20LINK": "https://textpro.me/create-thunder-text-effect-online-881.html",
            "DARK21LINK": "https://textpro.me/3d-box-text-effect-online-880.html",
            "DARK22LINK": "https://textpro.me/road-warning-text-effect-878.html",
            "DARK23LINK": "https://textpro.me/bokeh-text-effect-876.html",
            "DARK24LINK": "https://textpro.me/green-neon-text-effect-874.html",
            "DARK25LINK": "https://textpro.me/free-advanced-glow-text-effect-873.html",
            "DARK26LINK": "https://textpro.me/dropwater-text-effect-872.html",
            "DARK27LINK": "https://textpro.me/break-wall-text-effect-871.html",
            "DARK28LINK": "https://textpro.me/chrismast-gift-text-effect-869.html",
            "DARK29LINK": "https://textpro.me/honey-text-effect-868.html",
            "DARK30LINK": "https://textpro.me/plastic-bag-drug-text-effect-867.html",
            "DARK31LINK": "https://textpro.me/horror-gift-text-effect-866.html",
            "DARK32LINK": "https://textpro.me/marble-slabs-text-effect-864.html",
            "DARK33LINK": "https://textpro.me/marble-text-effect-863.html",
            "DARK34LINK": "https://textpro.me/ice-cold-text-effect-862.html",
            "DARK35LINK": "https://textpro.me/fruit-juice-text-effect-861.html",
            "DARK36LINK": "https://textpro.me/rusty-metal-text-effect-860.html",
            "DARK37LINK": "https://textpro.me/abstra-gold-text-effect-859.html",
            "DARK38LINK": "https://textpro.me/biscuit-text-effect-858.html",
            "DARK39LINK": "https://textpro.me/bagel-text-effect-857.html",
            "DARK40LINK": "https://textpro.me/wood-text-effect-856.html",
            "DARK41LINK": "https://textpro.me/sci-fi-text-effect-855.html",
            "DARK42LINK": "https://textpro.me/metal-rainbow-text-effect-854.html",
            "DARK43LINK": "https://textpro.me/purple-gem-text-effect-853.html",
            "DARK44LINK": "https://textpro.me/hot-metal-text-effect-843.html",
            "DARK45LINK": "https://textpro.me/blue-glitter-text-effect-841.html",
            "DARK46LINK": "https://textpro.me/purple-glitter-text-effect-840.html",
            "DARK47LINK": "https://textpro.me/pink-glitter-text-effect-839.html",
            "DARK48LINK": "https://textpro.me/silver-glitter-text-effect-837.html",
            "DARK49LINK": "https://textpro.me/gold-glitter-text-effect-836.html",
            "DARK50LINK": "https://textpro.me/bronze-glitter-text-effect-835.html",
            "DARK51LINK": "https://textpro.me/eroded-metal-text-effect-834.html",
            "DARK52LINK": "https://textpro.me/carbon-text-effect-833.html",
            "DARK53LINK": "https://textpro.me/blue-metal-text-effect-831.html",
            "DARK54LINK": "https://textpro.me/blue-gem-text-effect-830.html",
            "DARK55LINK": "https://textpro.me/black-metal-text-effect-829.html",
            "DARK56LINK": "https://textpro.me/3d-glowing-metal-text-effect-828.html",
            "DARK57LINK": "https://textpro.me/3d-chrome-text-effect-827.html",
            "DARK59LINK": "https://textpro.me/3d-steel-text-effect-877.html",
            "DARK58LINK": "https://textpro.me/create-logo-joker-online-934.html",
            "DARK60LINK": "https://textpro.me/create-ninja-logo-online-935.html",
            "DARK61LINK": "https://textpro.me/create-wolf-logo-galaxy-online-936.html",
            "DARK62LINK": "https://textpro.me/create-lion-logo-mascot-online-938.html",
            "DARK63LINK": "https://textpro.me/pornhub-style-logo-online-generator-free-977.html",
            "DARK64LINK": "https://textpro.me/create-a-stone-text-effect-online-982.html",
            "DARK65LINK": "https://textpro.me/create-realistic-vintage-style-light-bulb-1000.html",
            "DARK66LINK": "https://textpro.me/video-game-classic-8-bit-text-effect-1037.html",
            "DARK67LINK": "https://en.ephoto360.com/pubg-mascot-logo-maker-for-an-esports-team-612.html",
            "DARK68LINK": "❤",
            "DARK69LINK": "❤",
            "DARK70LINK": "❤",
            "DARK71LINK": "❤",
            "DARK72LINK": "❤",
            "DARK73LINK": "❤",
            "DARK74LINK": "❤",
            "DARK75LINK": "❤",
            "DARK76LINK": "❤",
            "DARK77LINK": "❤",
            "DARK78LINK": "❤",
            "DARK79LINK": "❤",
            "DARK80LINK": "❤",
            "DARK81LINK": "❤",
            "DARK82LINK": "❤",
            "DARK83LINK": "❤",
            "DARK84LINK": "❤",
            "DARK85LINK": "❤",
            "DARK86LINK": "❤",
            "DARK87LINK": "❤",
            "DARK88LINK": "❤",
            "DARK89LINK": "❤",
            "DARK90LINK": "❤",
            "DARK91LINK": "❤",
            "DARK92LINK": "❤",
            "DARK93LINK": "❤",
            "DARK94LINK": "❤",
            "DARK95LINK": "❤",
            "DARK96LINK": "❤",
            "DARK97LINK": "❤",
            "DARK98LINK": "❤",
            "DARK99LINK": "❤",
            "DARK100LINK": "❤",
            "DARK101LINK": "❤",
            "DARK102LINK": "❤",
            "DARK103LINK": "❤",
            "DARK104LINK": "❤",
            "DARK105LINK": "❤",
            "DARK106LINK": "❤",
            "DARK107LINK": "❤",
            "DARK108LINK": "❤",
            "DARK109LINK": "❤",
            "DARK110LINK": "❤",
            "DARK111LINK": "❤",
            "DARK112LINK": "❤",
            "DARK113LINK": "❤",
            "DARK114LINK": "❤",
            "DARK115LINK": "❤",
            "DARK116LINK": "❤",
            "DARK117LINK": "❤",
            "DARK118LINK": "❤",
            "DARK119LINK": "❤",
            "DARK120LINK": "❤",
            "DARK121LINK": "❤",
            "DARK122LINK": "❤",
            "DARK123LINK": "❤",
            "DARK124LINK": "❤",
            "DARK125LINK": "❤",
            "DARK126LINK": "❤",
            "DARK127LINK": "❤",
            "DARK128LINK": "❤",
            "DARK129LINK": "❤",
            "DARK130LINK": "❤",
            "DARK131LINK": "❤",
            "DARK132LINK": "❤",
            "DARK133LINK": "❤",
            "DARK134LINK": "❤",
            "DARK135LINK": "❤",
            "DARK136LINK": "❤",
            "DARK137LINK": "❤",
            "DARK138LINK": "❤",
            "DARK139LINK": "❤",
            "DARK140LINK": "❤",
            "DARK141LINK": "❤",
            "DARK142LINK": "❤",
            "DARK143LINK": "❤",
            "DARK144LINK": "❤",
            "DARK145LINK": "❤",
            "DARK146LINK": "❤",
            "DARK147LINK": "❤",
            "DARK148LINK": "❤",
            "DARK149LINK": "❤",
            "DARK150LINK": "❤"
        },

        "sfile": {
            "DARK1FILE": "1glass",
            "DARK2FILE": "2glass",
            "DARK3FILE": "3glass",
            "DARK4FILE": "4glass",
            "DARK5FILE": "5glass",
            "DARK6FILE": "6glass",
            "DARK7FILE": "captan",
            "DARK8FILE": "1robot",
            "DARK9FILE": "1rainbow",
            "DARK10FILE": "toxic",
            "DARK11FILE": "7glass",
            "DARK12FILE": "8glass",
            "DARK13FILE": "choc",
            "DARK14FILE": "strawberry",
            "DARK15FILE": "fish",
            "DARK16FILE": "bread",
            "DARK17FILE": "2hacker",
            "DARK18FILE": "2blood",
            "DARK19FILE": "6neon",
            "DARK20FILE": "2thunder",
            "DARK21FILE": "3dbox",
            "DARK22FILE": "road",
            "DARK23FILE": "bokeh",
            "DARK24FILE": "7neon",
            "DARK25FILE": "glowtext",
            "DARK26FILE": "2foggy",
            "DARK27FILE": "wall",
            "DARK28FILE": "3xmas",
            "DARK29FILE": "honny",
            "DARK30FILE": "drug",
            "DARK31FILE": "3blood",
            "DARK32FILE": "slab",
            "DARK33FILE": "2slab",
            "DARK34FILE": "ice",
            "DARK35FILE": "fruit",
            "DARK36FILE": "rusty",
            "DARK37FILE": "1gold",
            "DARK38FILE": "biscuit",
            "DARK39FILE": "bagel",
            "DARK40FILE": "1wood",
            "DARK41FILE": "2robot",
            "DARK42FILE": "2rainbow",
            "DARK43FILE": "1gem",
            "DARK44FILE": "hotmetal",
            "DARK45FILE": "1giltter",
            "DARK46FILE": "2glitter",
            "DARK47FILE": "3glitter",
            "DARK48FILE": "4glitter",
            "DARK49FILE": "5glitter",
            "DARK50FILE": "6glitter",
            "DARK51FILE": "erod",
            "DARK52FILE": "1carbon",
            "DARK53FILE": "1smetal",
            "DARK54FILE": "2gem",
            "DARK55FILE": "2smetal",
            "DARK56FILE": "3smetal",
            "DARK57FILE": "chrom",
            "DARK59FILE": "steel",
            "DARK58FILE": "logojocker",
            "DARK60FILE": "ninja2logo",
            "DARK61FILE": "wolf",
            "DARK62FILE": "lionlogo",
            "DARK63FILE": "phub",
            "DARK64FILE": "sstone",
            "DARK65FILE": "blub",
            "DARK66FILE": "vgame",
            "DARK67FILE": "arrow",
            "DARK68FILE": "❤",
            "DARK69FILE": "❤",
            "DARK70FILE": "❤",
            "DARK71FILE": "❤",
            "DARK72FILE": "❤",
            "DARK73FILE": "❤",
            "DARK74FILE": "❤",
            "DARK75FILE": "❤",
            "DARK76FILE": "❤",
            "DARK77FILE": "❤",
            "DARK78FILE": "❤",
            "DARK79FILE": "❤",
            "DARK80FILE": "❤",
            "DARK81FILE": "❤",
            "DARK82FILE": "❤",
            "DARK83FILE": "❤",
            "DARK84FILE": "❤",
            "DARK85FILE": "❤",
            "DARK86FILE": "❤",
            "DARK87FILE": "❤",
            "DARK88FILE": "❤",
            "DARK89FILE": "❤",
            "DARK90FILE": "❤",
            "DARK91FILE": "❤",
            "DARK92FILE": "❤",
            "DARK93FILE": "❤",
            "DARK94FILE": "❤",
            "DARK95FILE": "❤",
            "DARK96FILE": "❤",
            "DARK97FILE": "❤",
            "DARK98FILE": "❤",
            "DARK99FILE": "❤",
            "DARK100FILE": "❤",
            "DARK101FILE": "❤",
            "DARK102FILE": "❤",
            "DARK103FILE": "❤",
            "DARK104FILE": "❤",
            "DARK105FILE": "❤",
            "DARK106FILE": "❤",
            "DARK107FILE": "❤",
            "DARK108FILE": "❤",
            "DARK109FILE": "❤",
            "DARK110FILE": "❤",
            "DARK111FILE": "❤",
            "DARK112FILE": "❤",
            "DARK113FILE": "❤",
            "DARK114FILE": "❤",
            "DARK115FILE": "❤",
            "DARK116FILE": "❤",
            "DARK117FILE": "❤",
            "DARK118FILE": "❤",
            "DARK119FILE": "❤",
            "DARK120FILE": "❤",
            "DARK121FILE": "❤",
            "DARK122FILE": "❤",
            "DARK123FILE": "❤",
            "DARK124FILE": "❤",
            "DARK125FILE": "❤",
            "DARK126FILE": "❤",
            "DARK127FILE": "❤",
            "DARK128FILE": "❤",
            "DARK129FILE": "❤",
            "DARK130FILE": "❤",
            "DARK131FILE": "❤",
            "DARK132FILE": "❤",
            "DARK133FILE": "❤",
            "DARK134FILE": "❤",
            "DARK135FILE": "❤",
            "DARK136FILE": "❤",
            "DARK137FILE": "❤",
            "DARK138FILE": "❤",
            "DARK139FILE": "❤",
            "DARK140FILE": "❤",
            "DARK141FILE": "❤",
            "DARK142FILE": "❤",
            "DARK143FILE": "❤",
            "DARK144FILE": "❤",
            "DARK145FILE": "❤",
            "DARK146FILE": "❤",
            "DARK147FILE": "❤",
            "DARK148FILE": "❤",
            "DARK149FILE": "❤",
            "DARK150FILE": "❤"
        },
        "DARKdisc": {
            "DARK1DISC": "Yellow Glass Text Effect",
            "DARK2DISC": "Purple Glass Text Effect",
            "DARK3DISC": "Orange Glass Text Effect",
            "DARK4DISC": "Green Glass Text Effect",
            "DARK5DISC": "Cyan Glass Text Effect",
            "DARK6DISC": "Purple Shiny Glass Text Effect",
            "DARK7DISC": "Captain America Text Effect",
            "DARK8DISC": "Robot R2 D2 Text Effect",
            "DARK9DISC": "Rainbow Equalizer Text Effect",
            "DARK10DISC": "Toxic Text Effect Online",
            "DARK11DISC": "Purple Glass Text Effect Online",
            "DARK12DISC": "Decorative Glass Text Effect",
            "DARK13DISC": "Chocolate Cake Text Effect",
            "DARK14DISC": "Strawberry Text Effect Online",
            "DARK15DISC": "Koi Fish Text Effect Online",
            "DARK16DISC": "Bread Text Effect Online",
            "DARK17DISC": "Matrix Style Text Effect Online",
            "DARK18DISC": "Horror Blood Text Effect Online",
            "DARK19DISC": "Neon Light Text Effect Online",
            "DARK20DISC": "Create Thunder Text Effect Online",
            "DARK21DISC": "3D Box Text Effect Online",
            "DARK22DISC": "Road Warning Text Effect",
            "DARK23DISC": "Bokeh Text effect",
            "DARK24DISC": "Green Neon Text Effect",
            "DARK25DISC": "Free Advanced Glow Text Effect",
            "DARK26DISC": "Dropwater Text Effect",
            "DARK27DISC": "Break Wall Text Effect",
            "DARK28DISC": "Chrismast Gift Text Effect",
            "DARK29DISC": "Honey Text Effect",
            "DARK30DISC": "Plastic Bag Drug Text Effect",
            "DARK31DISC": "Horror Gift Text Effect",
            "DARK32DISC": "Marble Slabs Text Effect",
            "DARK33DISC": "Marble Text Effect",
            "DARK34DISC": "Ice Cold Text Effect",
            "DARK35DISC": "Fruit Juice Text Effect",
            "DARK36DISC": "Rusty Metal Text Effect",
            "DARK37DISC": "Abstra Gold Text Effect",
            "DARK38DISC": "Biscuit Text Effect",
            "DARK39DISC": "Bagel Text Effect",
            "DARK40DISC": "Wood Text Effect",
            "DARK41DISC": "SCI - Fi Text Effect",
            "DARK42DISC": "Metal Rainbow Text Effect",
            "DARK43DISC": "Purple Gem Text Effect",
            "DARK44DISC": "Hot Metal Text Effect",
            "DARK45DISC": "Blue Glitter Text Effect",
            "DARK46DISC": "Purple Glitter Text Effect",
            "DARK47DISC": "Pink Glitter Text Effect",
            "DARK48DISC": "Silver Glitter Text Effect",
            "DARK49DISC": "Gold Glitter Text Effect",
            "DARK50DISC": "Bronze Glitter Text Effect",
            "DARK51DISC": "Eroded Metal Text Effect",
            "DARK52DISC": "Carbon Text Effect",
            "DARK53DISC": "Blue Metal Text Effect",
            "DARK54DISC": "Blue Gem Text Effect",
            "DARK55DISC": "Black Metal Text Effect",
            "DARK56DISC": "3D Glowing Metal Text Effect",
            "DARK57DISC": "3D Chrome Text Effect",
            "DARK59DISC": "3D Steel Text Effect",
            "DARK58DISC": "Create Logo Joker Online",
            "DARK60DISC": "Create Ninja Logo Online",
            "DARK61DISC": "Create Wolf Logo Galaxy",
            "DARK62DISC": "Create Lion Logo Mascot Online",
            "DARK63DISC": "Pornhub Style Logo Online Generator Free",
            "DARK64DISC": "Create a Stone Text Effect Online",
            "DARK65DISC": "Create realistic vintage style light bulb",
            "DARK66DISC": "Video game classic 8-bit text effect",
            "DARK67DISC": "Testing",
            "DARK68DISC": "❤",
            "DARK69DISC": "❤",
            "DARK70DISC": "❤",
            "DARK71DISC": "❤",
            "DARK72DISC": "❤",
            "DARK73DISC": "❤",
            "DARK74DISC": "❤",
            "DARK75DISC": "❤",
            "DARK76DISC": "❤",
            "DARK77DISC": "❤",
            "DARK78DISC": "❤",
            "DARK79DISC": "❤",
            "DARK80DISC": "❤",
            "DARK81DISC": "❤",
            "DARK82DISC": "❤",
            "DARK83DISC": "❤",
            "DARK84DISC": "❤",
            "DARK85DISC": "❤",
            "DARK86DISC": "❤",
            "DARK87DISC": "❤",
            "DARK88DISC": "❤",
            "DARK89DISC": "❤",
            "DARK90DISC": "❤",
            "DARK91DISC": "❤",
            "DARK92DISC": "❤",
            "DARK93DISC": "❤",
            "DARK94DISC": "❤",
            "DARK95DISC": "❤",
            "DARK96DISC": "❤",
            "DARK97DISC": "❤",
            "DARK98DISC": "❤",
            "DARK99DISC": "❤",
            "DARK100DISC": "❤",
            "DARK101DISC": "❤",
            "DARK102DISC": "❤",
            "DARK103DISC": "❤",
            "DARK104DISC": "❤",
            "DARK105DISC": "❤",
            "DARK106DISC": "❤",
            "DARK107DISC": "❤",
            "DARK108DISC": "❤",
            "DARK109DISC": "❤",
            "DARK110DISC": "❤",
            "DARK111DISC": "❤",
            "DARK112DISC": "❤",
            "DARK113DISC": "❤",
            "DARK114DISC": "❤",
            "DARK115DISC": "❤",
            "DARK116DISC": "❤",
            "DARK117DISC": "❤",
            "DARK118DISC": "❤",
            "DARK119DISC": "❤",
            "DARK120DISC": "❤",
            "DARK121DISC": "❤",
            "DARK122DISC": "❤",
            "DARK123DISC": "❤",
            "DARK124DISC": "❤",
            "DARK125DISC": "❤",
            "DARK126DISC": "❤",
            "DARK127DISC": "❤",
            "DARK128DISC": "❤",
            "DARK129DISC": "❤",
            "DARK130DISC": "❤",
            "DARK131DISC": "❤",
            "DARK132DISC": "❤",
            "DARK133DISC": "❤",
            "DARK134DISC": "❤",
            "DARK135DISC": "❤",
            "DARK136DISC": "❤",
            "DARK137DISC": "❤",
            "DARK138DISC": "❤",
            "DARK139DISC": "❤",
            "DARK140DISC": "❤",
            "DARK141DISC": "❤",
            "DARK142DISC": "❤",
            "DARK143DISC": "❤",
            "DARK144DISC": "❤",
            "DARK145DISC": "❤",
            "DARK146DISC": "❤",
            "DARK147DISC": "❤",
            "DARK148DISC": "❤",
            "DARK149DISC": "❤",
            "DARK150DISC": "❤"
        }
    }
}
